{"cameraMode":{"drawMode":0,"name":"Shaded","section":"Shading Mode"},"sceneLighting":true,"audioPlay":false,"sceneViewState":{"m_AlwaysRefresh":false,"showFog":true,"showSkybox":true,"showFlares":true,"showImageEffects":true,"showParticleSystems":true,"showVisualEffectGraphs":true,"m_FxEnabled":true},"in2DMode":false,"pivot":{"x":-2.1321582794189455,"y":1.7716541290283204,"z":-0.678065836429596},"rotation":{"x":-0.13277821242809297,"y":0.09644435346126557,"z":-0.013001697137951851,"w":-0.9863763451576233},"size":2.4751546382904054,"orthographic":false}